	 activite	Type	date	Temps	Distance	Gain_altitude	Perte_altitude	Vitesse_moy	Vitesse_max	Calories	jour	mois	annee	date2	heure	date2_heure	temp	humidity	wind_speed	wind_degree	clouds_coverage	rain	pressure
0	 peggy	Course à pied	lun., 30 juin 2014 7:03	20:46	2,94	23	19	07:04	05:42	241.0	30	juin	2014	30/06/2014	07:03	30/06/2014 07:03	288.231	56	3.37	323.001	32	NA	989.63
1	 michael	Course à pied	lun., 30 juin 2014 5:28	47:08:00	6,88	47	48	06:51	05:48	573.0	30	juin	2014	30/06/2014	05:28	30/06/2014 05:28	288.231	56	3.37	323.001	32	NA	989.63
2	 michael	Course à pied	dim., 29 juin 2014 5:28	57:52:00	8,37	61	58	06:55	04:41	693.0	29	juin	2014	29/06/2014	05:28	29/06/2014 05:28	291.118	70	3.06	319.002	92	NA	984.16
3	 michael	Course à pied	sam., 28 juin 2014 5:26	48:49:00	6,88	48	50	07:06	04:04	573.0	28	juin	2014	28/06/2014	05:26	28/06/2014 05:26	290.812	94	1.61	66.0028	92	NA	985.96
4	 peggy	Course à pied	ven., 27 juin 2014 6:58	15:04	2,05	12	15	07:20	06:10	170.0	27	juin	2014	27/06/2014	06:58	27/06/2014 06:58	291.953	56	1.96	315	0	0	987.97
5	 michael	Course à pied	ven., 27 juin 2014 6:04	37:04:00	5,4	35	33	06:52	05:25	443.0	27	juin	2014	27/06/2014	06:04	27/06/2014 06:04	291.953	56	1.96	315	0	0	987.97
6	 michael	Course à pied	mer., 25 juin 2014 5:39	45:46:00	6,85	44	42	06:41	05:22	571.0	25	juin	2014	25/06/2014	05:39	25/06/2014 05:39	290.155	93	1.41	314	76	0	980.4
7	 peggy	Course à pied	mar., 24 juin 2014 6:49	21:31	3,04	25	26	07:05	06:00	250.0	24	juin	2014	24/06/2014	06:49	24/06/2014 06:49	291.551	86	0.96	307.001	36	0	984.51
8	 michael	Course à pied	lun., 23 juin 2014 5:36	46:27:00	6,85	49	48	06:47	05:39	570.0	23	juin	2014	23/06/2014	05:36	23/06/2014 05:36	292.064	89	1.41	27.0008	68	NA	989.07
9	 michael	Course à pied	dim., 22 juin 2014 6:11	45:41:00	6,89	48	46	06:38	05:08	572.0	22	juin	2014	22/06/2014	06:11	22/06/2014 06:11	290.525	76	1.41	30.5007	8	NA	987.43
10	 peggy	Course à pied	sam., 21 juin 2014 7:20	23:11	3,06	24	24	07:35	05:36	232.0	21	juin	2014	21/06/2014	07:20	21/06/2014 07:20	301.11	38	2	45	20	NA	1002.9
11	 michael	Course à pied	sam., 21 juin 2014 5:32	43:33:00	6,85	47	50	06:22	04:43	571.0	21	juin	2014	21/06/2014	05:32	21/06/2014 05:32	290.976	54	1.58	348.001	20	NA	985.05
12	 michael	Course à pied	ven., 20 juin 2014 5:50	47:05:00	6,83	44	44	06:53	05:14	572.0	20	juin	2014	20/06/2014	05:50	20/06/2014 05:50	290.423	60	1.66	325.501	0	NA	987.21
13	 michael	Course à pied	jeu., 19 juin 2014 5:32	52:00:00	8,34	55	54	06:14	04:18	698.0	19	juin	2014	19/06/2014	05:32	19/06/2014 05:32	289.4	70	1.07	302.502	0	0	988.38
14	 michael	Course à pied	jeu., 17 juil. 2014 6:13	39:52:00	6,67	65	67	05:59	03:33	547.0	17	juillet	2014	17/07/2014	06:13	17/07/2014 06:13	292.309	78	1.06	19.5078	0	NA	990.45
15	 michael	Course à pied	mar., 15 juil. 2014 6:10	40:30:00	6,69	70	72	06:03	03:59	553.0	15	juillet	2014	15/07/2014	06:10	15/07/2014 06:10	289.81	82	1	307.5	0	NA	990.26
16	 michael & peggy & perrine	Randonnée pédestre	lun., 14 juil. 2014 10:40	01:41:16	5,47	104	230	18:31	02:03	349.0	14	juillet	2014	14/07/2014	10:40	14/07/2014 10:40	298.498	42	4.02	310	0	NA	986.76
17	 michael	Course à pied	dim., 13 juil. 2014 6:06	36:51:00	5,55	46	48	06:38	05:59	457.0	13	juillet	2014	13/07/2014	06:06	13/07/2014 06:06	296.15	55	3.11	308.002	0	NA	1004.4
18	 michael & peggy & perrine	Randonnée pédestre	sam., 12 juil. 2014 11:06	53:19:00	3,2	4	14	16:41	03:38	197.0	12	juillet	2014	12/07/2014	11:06	12/07/2014 11:06	300.95	38	4	0	44	NA	1002.9
19	 michael & peggy & perrine	Randonnée pédestre	sam., 12 juil. 2014 9:20	01:22:47	4,53	66	58	18:16	04:47	281.0	12	juillet	2014	12/07/2014	09:20	12/07/2014 09:20	302.35	37	3	337	0	NA	1003.4
20	 michael	Course à pied	sam., 12 juil. 2014 5:43	40:46:00	6,63	63	61	06:09	05:05	546.0	12	juillet	2014	12/07/2014	05:43	12/07/2014 05:43	291.214	63	3.36	310.001	0	NA	985.91
21	 michael	Course à pied	jeu., 10 juil. 2014 5:27	48:22:00	7,71	74	71	06:17	05:12	644.0	10	juillet	2014	10/07/2014	05:27	10/07/2014 05:27	289.409	57	5.36	306.51	8	NA	984.53
22	 peggy	Course à pied	mer., 9 juil. 2014 6:57	44:21:00	6,01	64	64	07:23	04:14	480.0	9	juillet	2014	09/07/2014	06:57	09/07/2014 06:57	290.731	57	4.87	312.001	8	NA	985.84
23	 michael	Course à pied	mer., 9 juil. 2014 5:17	01:00:05	9,76	100	101	06:09	05:28	806.0	9	juillet	2014	09/07/2014	05:17	09/07/2014 05:17	288.614	64	5.01	303.503	0	NA	985.62
24	 michael	Course à pied	mar., 8 juil. 2014 5:38	40:47:00	6,66	61	61	06:08	04:48	558.0	8	juillet	2014	08/07/2014	05:38	08/07/2014 05:38	286.639	82	3.42	306.003	44	0	987.27
25	 peggy	Course à pied	lun., 7 juil. 2014 7:02	37:44:00	5,01	51	51	07:32	06:45	389.0	7	juillet	2014	07/07/2014	07:02	07/07/2014 07:02	290.95	86	1.56	321.501	92	6	1003.2
26	 michael	Course à pied	lun., 7 juil. 2014 5:41	44:27:00	6,68	64	61	06:39	05:26	556.0	7	juillet	2014	07/07/2014	05:41	07/07/2014 05:41	289.067	98	1.41	333.501	92	4	984.61
27	 michael	Course à pied	dim., 6 juil. 2014 5:52	49:18:00	7,66	77	78	06:26	05:37	630.0	6	juillet	2014	06/07/2014	05:52	06/07/2014 05:52	290.676	95	1.77	50.0028	76	NA	983.05
28	 michael	Course à pied	sam., 5 juil. 2014 5:28	44:25:00	7,22	78	75	06:09	04:59	594.0	5	juillet	2014	05/07/2014	05:28	05/07/2014 05:28	NA	NA	NA	NA	NA	NA	NA
29	 michael	Course à pied	ven., 4 juil. 2014 5:39	44:21:00	6,89	53	54	06:26	04:44	573.0	4	juillet	2014	04/07/2014	05:39	04/07/2014 05:39	292.321	86	4.35	144	92	10	982.69
30	 peggy	Course à pied	jeu., 3 juil. 2014 7:09	34:32:00	4,54	38	41	07:36	06:31	352.0	3	juillet	2014	03/07/2014	07:09	03/07/2014 07:09	289.494	84	1.06	344.506	0	0	992.27
31	 michael	Course à pied	jeu., 3 juil. 2014 5:35	46:41:00	6,89	49	48	06:46	05:40	570.0	3	juillet	2014	03/07/2014	05:35	03/07/2014 05:35	289.494	84	1.06	344.506	0	0	992.27
32	 michael	Course à pied	mer., 2 juil. 2014 6:43	40:15:00	6,45	50	50	06:14	05:11	536.0	2	juillet	2014	02/07/2014	06:43	02/07/2014 06:43	289.688	100	1.41	113.5	92	2.5	987.18
33	 michael	Course à pied	mar., 1 juil. 2014 5:57	46:47:00	6,9	50	51	06:47	05:13	566.0	1	juillet	2014	01/07/2014	05:57	01/07/2014 05:57	289.47	56	1.46	37.0036	68	NA	985.66
34	  michael	Course à pied	jeu., 17 juil. 2014 6:13	39:52:00	6,67	65	67	05:59	03:33	547.0	17	juillet	2014	17/07/2014	06:13	17/07/2014 06:13	292.309	78	1.06	19.5078	0	NA	990.45
35	 michael	Course à pied	mar., 15 juil. 2014 6:10	40:30:00	6,69	70	72	06:03	03:59	553.0	15	juillet	2014	15/07/2014	06:10	15/07/2014 06:10	289.81	82	1	307.5	0	NA	990.26
36	 michael & peggy & perrine	Randonnée pédestre	lun., 14 juil. 2014 10:40	01:41:16	5,47	104	230	18:31	02:03	349.0	14	juillet	2014	14/07/2014	10:40	14/07/2014 10:40	298.498	42	4.02	310	0	NA	986.76
37	 michael	Course à pied	dim., 13 juil. 2014 6:06	36:51:00	5,55	46	48	06:38	05:59	457.0	13	juillet	2014	13/07/2014	06:06	13/07/2014 06:06	296.15	55	3.11	308.002	0	NA	1004.4
38	 michael & peggy & perrine	Randonnée pédestre	sam., 12 juil. 2014 11:06	53:19:00	3,2	4	14	16:41	03:38	197.0	12	juillet	2014	12/07/2014	11:06	12/07/2014 11:06	300.95	38	4	0	44	NA	1002.9
39	 michael & peggy & perrine	Randonnée pédestre	sam., 12 juil. 2014 9:20	01:22:47	4,53	66	58	18:16	04:47	281.0	12	juillet	2014	12/07/2014	09:20	12/07/2014 09:20	302.35	37	3	337	0	NA	1003.4
40	 michael	Course à pied	sam., 12 juil. 2014 5:43	40:46:00	6,63	63	61	06:09	05:05	546.0	12	juillet	2014	12/07/2014	05:43	12/07/2014 05:43	291.214	63	3.36	310.001	0	NA	985.91
41	 michael	Course à pied	jeu., 10 juil. 2014 5:27	48:22:00	7,71	74	71	06:17	05:12	644.0	10	juillet	2014	10/07/2014	05:27	10/07/2014 05:27	289.409	57	5.36	306.51	8	NA	984.53
42	 peggy	Course à pied	mer., 9 juil. 2014 6:57	44:21:00	6,01	64	64	07:23	04:14	480.0	9	juillet	2014	09/07/2014	06:57	09/07/2014 06:57	290.731	57	4.87	312.001	8	NA	985.84
43	 michael	Course à pied	mer., 9 juil. 2014 5:17	01:00:05	9,76	100	101	06:09	05:28	806.0	9	juillet	2014	09/07/2014	05:17	09/07/2014 05:17	288.614	64	5.01	303.503	0	NA	985.62
44	 michael	Course à pied	mar., 8 juil. 2014 5:38	40:47:00	6,66	61	61	06:08	04:48	558.0	8	juillet	2014	08/07/2014	05:38	08/07/2014 05:38	286.639	82	3.42	306.003	44	0	987.27
45	 peggy	Course à pied	lun., 7 juil. 2014 7:02	37:44:00	5,01	51	51	07:32	06:45	389.0	7	juillet	2014	07/07/2014	07:02	07/07/2014 07:02	290.95	86	1.56	321.501	92	6	1003.2
46	 michael	Course à pied	lun., 7 juil. 2014 5:41	44:27:00	6,68	64	61	06:39	05:26	556.0	7	juillet	2014	07/07/2014	05:41	07/07/2014 05:41	289.067	98	1.41	333.501	92	4	984.61
47	 michael	Course à pied	dim., 6 juil. 2014 5:52	49:18:00	7,66	77	78	06:26	05:37	630.0	6	juillet	2014	06/07/2014	05:52	06/07/2014 05:52	290.676	95	1.77	50.0028	76	NA	983.05
48	 michael	Course à pied	sam., 5 juil. 2014 5:28	44:25:00	7,22	78	75	06:09	04:59	594.0	5	juillet	2014	05/07/2014	05:28	05/07/2014 05:28	NA	NA	NA	NA	NA	NA	NA
49	 michael	Course à pied	ven., 4 juil. 2014 5:39	44:21:00	6,89	53	54	06:26	04:44	573.0	4	juillet	2014	04/07/2014	05:39	04/07/2014 05:39	292.321	86	4.35	144	92	10	982.69
50	 peggy	Course à pied	jeu., 3 juil. 2014 7:09	34:32:00	4,54	38	41	07:36	06:31	352.0	3	juillet	2014	03/07/2014	07:09	03/07/2014 07:09	289.494	84	1.06	344.506	0	0	992.27
51	 michael	Course à pied	jeu., 3 juil. 2014 5:35	46:41:00	6,89	49	48	06:46	05:40	570.0	3	juillet	2014	03/07/2014	05:35	03/07/2014 05:35	289.494	84	1.06	344.506	0	0	992.27
52	 michael	Course à pied	mer., 2 juil. 2014 6:43	40:15:00	6,45	50	50	06:14	05:11	536.0	2	juillet	2014	02/07/2014	06:43	02/07/2014 06:43	289.688	100	1.41	113.5	92	2.5	987.18
53	 michael	Course à pied	mar., 1 juil. 2014 5:57	46:47:00	6,9	50	51	06:47	05:13	566.0	1	juillet	2014	01/07/2014	05:57	01/07/2014 05:57	289.47	56	1.46	37.0036	68	NA	985.66
54	  michael & david	Course à pied	mer., 6 août 2014 8:50	01:12:41	12,71	146	142	05:43	03:06	1.0659999999999998	6	août	2014	06/08/2014	08:50	06/08/2014 08:50	300.64	34	4.1	350	20	NA	1016
55	 michael & david	Course à pied	mar., 5 août 2014 8:35	01:04:29	10,8	198	192	05:58	02:38	887.0	5	août	2014	05/08/2014	08:35	05/08/2014 08:35	298.15	53	3.1	300	20	0	1018
56	 michael	Course à pied	dim., 3 août 2014 5:51	01:08:54	11,85	124	123	05:49	04:48	978.0	3	août	2014	03/08/2014	05:51	03/08/2014 05:51	292.83	77	2.6	80	0	NA	1011
57	 michael	Course à pied	sam., 2 août 2014 7:11	01:03:17	10,78	108	106	05:52	05:06	889.0	2	août	2014	02/08/2014	07:11	02/08/2014 07:11	294.15	73	2.1	90	75	6	1010
58	 michael	Course à pied	ven., 1 août 2014 5:46	36:13:00	5,57	53	54	06:30	05:10	459.0	1	août	2014	01/08/2014	05:46	01/08/2014 05:46	294.64	53	1.5	320	8	NA	1011
59	 michael	Course à pied	jeu., 31 juil. 2014 6:29	01:06:59	10,7	111	109	06:16	04:53	889.0	31	juillet	2014	31/07/2014	06:29	31/07/2014 06:29	294.64	49	6.2	330	0	NA	1011
60	 michael	Course à pied	mer., 30 juil. 2014 6:45	45:21:00	7,65	72	74	05:56	04:40	633.0	30	juillet	2014	30/07/2014	06:45	30/07/2014 06:45	293.66	60	1	0	0	NA	1010
61	 michael	Course à pied	mar., 29 juil. 2014 6:17	01:02:08	10,75	119	117	05:47	04:27	888.0	29	juillet	2014	29/07/2014	06:17	29/07/2014 06:17	291.64	59	2.6	330	12	NA	1010
62	 michael	Course à pied	lun., 28 juil. 2014 6:52	39:27:00	6,54	58	56	06:02	05:09	540.0	28	juillet	2014	28/07/2014	06:52	28/07/2014 06:52	295.38	64	4.1	280	0	NA	1012
63	 michael	Course à pied	dim., 27 juil. 2014 5:50	48:56:00	7,65	76	74	06:24	05:38	636.0	27	juillet	2014	27/07/2014	05:50	27/07/2014 05:50	291.849	67	2.47	323.004	0	NA	986.78
64	 michael	Course à pied	sam., 26 juil. 2014 6:44	01:00:41	10,68	114	112	05:41	04:28	883.0	26	juillet	2014	26/07/2014	06:44	26/07/2014 06:44	296.409	67	2.2	335.002	0	NA	984.08
65	 michael	Course à pied	ven., 25 juil. 2014 5:23	01:06:10	10,76	112	114	06:09	05:14	893.0	25	juillet	2014	25/07/2014	05:23	25/07/2014 05:23	292.85	74	1	45	12	0	1001.3
66	 peggy	Course à pied	jeu., 24 juil. 2014 6:48	39:46:00	5,42	62	63	07:20	06:28	437.0	24	juillet	2014	24/07/2014	06:48	24/07/2014 06:48	298.688	61	1.42	338.006	0	NA	982.18
67	 michael	Course à pied	jeu., 24 juil. 2014 5:50	40:42:00	6,64	67	67	06:08	04:07	552.0	24	juillet	2014	24/07/2014	05:50	24/07/2014 05:50	291.57	85	0.97	311.504	0	2	981.94
68	 michael	Course à pied	mer., 23 juil. 2014 6:11	40:24:00	6,6	62	61	06:07	04:26	542.0	23	juillet	2014	23/07/2014	06:11	23/07/2014 06:11	295.27	68	2.01	331.001	32	NA	982.83
69	 michael	Course à pied	mar., 22 juil. 2014 5:56	49:14:00	8,26	85	83	05:58	02:31	682.0	22	juillet	2014	22/07/2014	05:56	22/07/2014 05:56	293.007	67	4.2	327.502	0	NA	986.27
70	 michael	Course à pied	lun., 21 juil. 2014 6:44	37:27:00	6,46	61	61	05:48	05:01	536.0	21	juillet	2014	21/07/2014	06:44	21/07/2014 06:44	295.95	57	2	292	20	0	1004.7
71	 michael	Course à pied	sam., 19 juil. 2014 5:45	01:04:42	10,78	118	116	06:00	05:14	892.0	19	juillet	2014	19/07/2014	05:45	19/07/2014 05:45	291.476	82	1.69	71.5004	64	NA	986.54
72	 peggy	Course à pied	ven., 18 juil. 2014 7:04	37:14:00	5	53	56	07:27	06:31	402.0	18	juillet	2014	18/07/2014	07:04	18/07/2014 07:04	299.577	53	1.51	93.502	0	NA	989.96
73	 michael	Course à pied	ven., 18 juil. 2014 5:39	47:10:00	7,68	79	80	06:09	05:11	636.0	18	juillet	2014	18/07/2014	05:39	18/07/2014 05:39	290.476	85	1.17	30.0021	0	NA	990.16
74	  michael	Course à pied	dim., 31 août 2014 7:15	57:53:00	10,84	115	116	05:20	04:44	893.0	31	août	2014	31/08/2014	07:15	31/08/2014 07:15	295.13	43	5.1	350	8	NA	1016
75	 michael	Course à pied	sam., 30 août 2014 6:53	01:02:57	11,83	127	127	05:19	04:25	978.0	30	août	2014	30/08/2014	06:53	30/08/2014 06:53	295.64	46	5.7	350	44	NA	1017
76	 michael	Course à pied	ven., 29 août 2014 5:49	57:21:00	10,79	116	117	05:19	04:25	895.0	29	août	2014	29/08/2014	05:49	29/08/2014 05:49	293.15	72	1.01	33.5025	8	NA	1016
77	 michael	Course à pied	jeu., 28 août 2014 5:53	01:29:47	15,97	188	186	05:37	04:44	1.317	28	août	2014	28/08/2014	05:53	28/08/2014 05:53	292.64	49	3.1	330	24	NA	1016
78	 michael	Course à pied	mer., 27 août 2014 6:39	52:33:00	9,73	104	105	05:24	04:22	807.0	27	août	2014	27/08/2014	06:39	27/08/2014 06:39	296.64	57	2.1	330	0	0	1014
79	 michael	Course à pied	mar., 26 août 2014 7:18	59:52:00	10,79	114	112	05:33	04:42	891.0	26	août	2014	26/08/2014	07:18	26/08/2014 07:18	294.17	77	2.6	10	90	NA	1012
80	 michael	Course à pied	sam., 23 août 2014 6:53	53:02:00	10,02	117	120	05:18	04:26	831.0	23	août	2014	23/08/2014	06:53	23/08/2014 06:53	292.15	63	3.1	350	0	NA	1016
81	 michael	Course à pied	ven., 22 août 2014 7:22	56:57:00	9,69	115	119	05:53	04:57	803.0	22	août	2014	22/08/2014	07:22	22/08/2014 07:22	293.15	45	3.6	30	64	NA	1016
82	 michael	Course à pied	jeu., 21 août 2014 6:55	01:00:06	10,01	105	107	06:00	04:32	833.0	21	août	2014	21/08/2014	06:55	21/08/2014 06:55	293.13	40	4.6	350	0	NA	1017
83	 michael	Course à pied	mer., 20 août 2014 7:42	58:09:00	9,69	106	112	06:00	04:13	807.0	20	août	2014	20/08/2014	07:42	20/08/2014 07:42	295.12	38	4.1	350	8	0	1015
84	 michael	Course à pied	mar., 19 août 2014 7:16	55:36:00	9,74	115	119	05:42	04:18	808.0	19	août	2014	19/08/2014	07:16	19/08/2014 07:16	296.45	64	0.92	119.004	36	NA	984.11
85	 michael	Course à pied	lun., 18 août 2014 6:39	01:28:32	15,16	165	179	05:51	01:41	1.264	18	août	2014	18/08/2014	06:39	18/08/2014 06:39	NA	NA	NA	NA	NA	NA	NA
86	 michael	Course à pied	dim., 17 août 2014 7:40	01:00:50	11,13	126	129	05:28	04:26	924.0	17	août	2014	17/08/2014	07:40	17/08/2014 07:40	NA	NA	NA	NA	NA	NA	NA
87	 michael	Course à pied	sam., 16 août 2014 7:44	01:07:17	10,87	118	134	06:12	01:17	908.0	16	août	2014	16/08/2014	07:44	16/08/2014 07:44	NA	NA	NA	NA	NA	NA	NA
88	 michael	Course à pied	ven., 15 août 2014 6:55	01:30:46	15,38	168	173	05:54	03:59	1.29	15	août	2014	15/08/2014	06:55	15/08/2014 06:55	NA	NA	NA	NA	NA	NA	NA
89	 michael	Course à pied	mar., 12 août 2014 7:07	01:04:32	11,16	74	74	05:47	04:27	930.0	12	août	2014	12/08/2014	07:07	12/08/2014 07:07	NA	NA	NA	NA	NA	NA	NA
90	 michael & haekel	Course à pied	lun., 11 août 2014 7:19	01:01:31	9,99	51	51	06:09	04:38	837.0	11	août	2014	11/08/2014	07:19	11/08/2014 07:19	NA	NA	NA	NA	NA	NA	NA
91	 michael	Course à pied	dim., 10 août 2014 6:19	01:12:21	11,64	163	152	06:13	04:04	953.0	10	août	2014	10/08/2014	06:19	10/08/2014 06:19	296.17	73	2.1	60	8	0	1013
92	 michael	Course à pied	sam., 9 août 2014 8:09	56:31:00	8,23	158	161	06:52	01:25	676.0	9	août	2014	09/08/2014	08:09	09/08/2014 08:09	297.62	52	2	45	92	0	1003.8
93	 michael & david	Course à pied	jeu., 7 août 2014 9:10	01:43:43	17,03	293	290	06:05	03:31	1.422	7	août	2014	07/08/2014	09:10	07/08/2014 09:10	302.15	37	5.1	340	76	NA	1015
94	  michael	Course à pied	lun., 22 sept. 2014 6:01	01:02:28	12,31	142	144	05:05	04:16	1.021	22	septembre	2014	22/09/2014	06:01	22/09/2014 06:01	289.64	72	4.6	10	0	NA	1016
95	 michael	Course à pied	dim., 21 sept. 2014 7:53	01:04:21	13,01	154	152	04:57	03:56	1.084	21	septembre	2014	21/09/2014	07:53	21/09/2014 07:53	293.15	68	2.1	310	32	0	1017
96	 michael	Course à pied	sam., 20 sept. 2014 7:46	52:40:00	10,67	119	119	04:56	03:24	887.0	20	septembre	2014	20/09/2014	07:46	20/09/2014 07:46	294.66	73	2.6	60	75	0	1016
97	 michael	Course à pied	ven., 19 sept. 2014 5:45	54:33:00	10,8	110	108	05:03	03:54	897.0	19	septembre	2014	19/09/2014	05:45	19/09/2014 05:45	294.17	82	4.6	130	20	62	1012
98	 michael	Course à pied	mer., 17 sept. 2014 6:15	56:12:00	10,82	106	103	05:12	04:20	896.0	17	septembre	2014	17/09/2014	06:15	17/09/2014 06:15	293.68	68	4.6	110	92	3	1010
99	 michael	Course à pied	mar., 16 sept. 2014 6:14	57:08:00	10,8	116	115	05:17	02:49	893.0	16	septembre	2014	16/09/2014	06:14	16/09/2014 06:14	290.17	87	1.5	50	92	0.5	1014
100	 michael	Course à pied	lun., 15 sept. 2014 6:26	57:06:00	10,81	115	118	05:17	04:05	895.0	15	septembre	2014	15/09/2014	06:26	15/09/2014 06:26	293.15	64	2.1	30	92	NA	1014
101	 Sans titre	Course à pied	dim., 14 sept. 2014 7:13	01:01:26	11,81	120	121	05:12	02:09	979.0	14	septembre	2014	14/09/2014	07:13	14/09/2014 07:13	293.64	52	3.6	30	0	NA	1015
102	 michael	Course à pied	ven., 12 sept. 2014 5:41	01:00:27	11,81	133	134	05:07	04:24	980.0	12	septembre	2014	12/09/2014	05:41	12/09/2014 05:41	292.15	42	6.7	350	0	NA	1012
103	 michael	Course à pied	jeu., 11 sept. 2014 5:38	55:55:00	10,77	117	115	05:12	04:11	894.0	11	septembre	2014	11/09/2014	05:38	11/09/2014 05:38	290.64	59	2.6	360	0	NA	1010
104	 michael	Course à pied	mer., 10 sept. 2014 5:50	58:33:00	10,76	109	106	05:27	04:19	891.0	10	septembre	2014	10/09/2014	05:50	10/09/2014 05:50	293.13	64	2.6	330	0	NA	1013
105	 michael	Course à pied	mar., 9 sept. 2014 6:04	01:00:52	10,76	115	112	05:39	02:48	892.0	9	septembre	2014	09/09/2014	06:04	09/09/2014 06:04	290.15	82	1.5	350	90	23	1016
106	 michael	Course à pied	lun., 8 sept. 2014 5:45	56:27:00	9,69	102	101	05:50	05:08	799.0	8	septembre	2014	08/09/2014	05:45	08/09/2014 05:45	295.66	78	2.6	120	92	3	1015
107	 michael	Course à pied	dim., 7 sept. 2014 8:11	01:45:59	20,14	228	229	05:16	04:02	1.661	7	septembre	2014	07/09/2014	08:11	07/09/2014 08:11	297.27	53	1.5	80	0	NA	1013
108	 Sans titre	Course à pied	sam., 6 sept. 2014 6:52	55:58:00	10,82	112	110	05:10	04:31	901.0	6	septembre	2014	06/09/2014	06:52	06/09/2014 06:52	296.15	53	2.6	360	0	0	1012
109	 michael	Course à pied	ven., 5 sept. 2014 5:45	56:32:00	10,36	114	112	05:28	02:53	856.0	5	septembre	2014	05/09/2014	05:45	05/09/2014 05:45	291.15	77	1	20	64	NA	1015
110	 michael	Course à pied	jeu., 4 sept. 2014 6:03	56:14:00	10,78	119	121	05:13	04:38	894.0	4	septembre	2014	04/09/2014	06:03	04/09/2014 06:03	290.13	63	2.1	20	0	NA	1014
111	 michael_1er-run_Kayano-20	Course à pied	mer., 3 sept. 2014 5:47	56:47:00	10,75	112	114	05:17	03:01	896.0	3	septembre	2014	03/09/2014	05:47	03/09/2014 05:47	290.34	56	1	67	0	NA	1002.1
112	 michael	Course à pied	mar., 2 sept. 2014 6:02	01:01:15	11,84	126	124	05:10	04:15	979.0	2	septembre	2014	02/09/2014	06:02	02/09/2014 06:02	288.53	42	6.2	10	0	NA	1013
113	 michael	Course à pied	lun., 1 sept. 2014 6:00	01:03:58	11,81	128	126	05:25	04:47	976.0	1	septembre	2014	01/09/2014	06:00	01/09/2014 06:00	292.15	42	5.7	330	0	NA	1016
114	  michael	Course à pied	mer., 15 oct. 2014 5:37	56:50:00	11,84	133	133	04:48	03:38	984.0	15	octobre	2014	15/10/2014	05:37	15/10/2014 05:37	288.17	82	1	0	32	0	1009
115	 Sans titre	Course à pied	lun., 13 oct. 2014 6:23	53:00:00	10,16	115	120	05:13	02:43	843.0	13	octobre	2014	13/10/2014	06:23	13/10/2014 06:23	291.11	82	4.1	180	40	49.5	1008
116	 Sans titre	Course à pied	jeu., 9 oct. 2014 5:50	55:56:00	10,48	74	77	05:20	03:57	871.0	9	octobre	2014	09/10/2014	05:50	09/10/2014 05:50	293.19	77	4.1	120	75	12	1012
117	 Sans titre	Course à pied	mer., 8 oct. 2014 5:30	52:49:00	10,53	70	71	05:01	03:57	881.0	8	octobre	2014	08/10/2014	05:30	08/10/2014 05:30	291.64	88	6.7	120	75	0	1012
118	 Sans titre	Course à pied	mar., 7 oct. 2014 5:32	56:04:00	10,79	113	115	05:12	04:16	894.0	7	octobre	2014	07/10/2014	05:32	07/10/2014 05:32	290.64	88	3.6	120	80	0	1010
119	 Sans titre	Course à pied	lun., 6 oct. 2014 5:45	01:00:39	11,8	128	126	05:08	04:05	977.0	6	octobre	2014	06/10/2014	05:45	06/10/2014 05:45	285.17	76	1.5	50	56	NA	1014
120	 Sans titre	Course à pied	dim., 5 oct. 2014 7:30	56:42:00	10,74	117	115	05:17	03:31	887.0	5	octobre	2014	05/10/2014	07:30	05/10/2014 07:30	289.66	82	2.02	287	12	NA	1015
121	 Sans titre	Randonnée pédestre	sam., 4 oct. 2014 13:08	01:13:09	3,45	6	313	21:11	09:09	217.0	4	octobre	2014	04/10/2014	13:08	04/10/2014 13:08	298.41	53	2.6	260	36	NA	1017
122	 Sans titre	Randonnée pédestre	sam., 4 oct. 2014 10:53	01:23:19	3,58	310	16	23:17	01:49	230.0	4	octobre	2014	04/10/2014	10:53	04/10/2014 10:53	299.43	50	1.5	0	0	NA	1018
123	 Sans titre	Course à pied	ven., 3 oct. 2014 5:49	59:05:00	11,79	129	132	05:01	03:19	975.0	3	octobre	2014	03/10/2014	05:49	03/10/2014 05:49	288.13	72	1.5	0	0	NA	1022
124	 Sans titre	Course à pied	jeu., 2 oct. 2014 5:38	01:01:21	11,81	133	134	05:12	04:25	975.0	2	octobre	2014	02/10/2014	05:38	02/10/2014 05:38	289.66	63	3.1	360	0	NA	1023
125	 Sans titre	Course à pied	mer., 1 oct. 2014 5:49	01:01:10	11,77	128	131	05:12	02:24	970.0	1	octobre	2014	01/10/2014	05:49	01/10/2014 05:49	289.88	77	2.1	300	0	2	1024
126	 Sans titre	Course à pied	mar., 30 sept. 2014 5:45	01:00:14	11,79	127	124	05:06	04:07	979.0	30	septembre	2014	30/09/2014	05:45	30/09/2014 05:45	290.66	82	2.1	30	92	53.5	1025
127	 Sans titre	Course à pied	lun., 29 sept. 2014 6:13	01:01:57	11,81	119	120	05:15	04:35	974.0	29	septembre	2014	29/09/2014	06:13	29/09/2014 06:13	291.93	81	7	22	100	11.5	1011.4
128	 Sans titre	Course à pied	dim., 28 sept. 2014 8:30	01:00:05	11,74	126	123	05:07	03:09	977.0	28	septembre	2014	28/09/2014	08:30	28/09/2014 08:30	292.9	63	2.6	70	92	NA	1026
129	 Sans titre	Course à pied	sam., 27 sept. 2014 6:58	55:49:00	10,8	110	112	05:10	04:12	898.0	27	septembre	2014	27/09/2014	06:58	27/09/2014 06:58	290.18	56	1.36	15.0006	8	NA	1012.8
130	 Sans titre	Course à pied	ven., 26 sept. 2014 5:54	01:02:58	12,57	145	146	05:00	:34	1.034	26	septembre	2014	26/09/2014	05:54	26/09/2014 05:54	284.6	62	4.1	30	0	NA	1022
131	 michael	Course à pied	jeu., 25 sept. 2014 5:43	01:02:43	12,69	148	145	04:57	03:08	1.062	25	septembre	2014	25/09/2014	05:43	25/09/2014 05:43	285.66	71	3.6	330	20	16	1017
132	 michael	Course à pied	mer., 24 sept. 2014 5:34	01:00:01	11,88	127	125	05:03	03:43	984.0	24	septembre	2014	24/09/2014	05:34	24/09/2014 05:34	288.66	77	3.1	360	92	1.5	1014
133	 michael	Course à pied	mar., 23 sept. 2014 6:19	01:00:45	11,78	126	125	05:10	03:42	970.0	23	septembre	2014	23/09/2014	06:19	23/09/2014 06:19	287.15	58	5.1	30	12	NA	1013
134	  Sans titre	Course à pied	sam., 15 nov. 2014 7:15	01:01:17	12,3	140	143	04:59	02:57	1.0190000000000001	15	novembre	2014	15/11/2014	07:15	15/11/2014 07:15	282.855	90	1.34	312.501	12	NA	974.9
135	 Sans titre	Course à pied	jeu., 13 nov. 2014 6:02	58:19:00	11,76	133	133	04:57	03:40	978.0	13	novembre	2014	13/11/2014	06:02	13/11/2014 06:02	277.898	91	0.96	287.001	0	10.5	980.85
136	 Sans titre	Course à pied	lun., 10 nov. 2014 7:34	55:26:00	11,06	125	127	05:01	02:19	923.0	10	novembre	2014	10/11/2014	07:34	10/11/2014 07:34	281.583	92	1.49	326.502	20	NA	983.41
137	 Sans titre	Course à pied	dim., 9 nov. 2014 7:51	54:44:00	10,76	131	123	05:05	03:08	901.0	9	novembre	2014	09/11/2014	07:51	09/11/2014 07:51	283.572	97	1.16	48.5016	68	0.5	977.12
138	 Sans titre	Course à pied	jeu., 6 nov. 2014 5:42	58:46:00	11,84	122	119	04:58	04:19	984.0	6	novembre	2014	06/11/2014	05:42	06/11/2014 05:42	279.64	56	4.1	320	0	NA	1009
139	 Sans titre	Course à pied	mer., 5 nov. 2014 5:55	01:03:01	12,62	--	--	05:00	02:33	1.05	5	novembre	2014	05/11/2014	05:55	05/11/2014 05:55	282.15	66	4.1	350	92	46	1000
140	 Sans titre	Course à pied	dim., 2 nov. 2014 7:47	01:49:39	21,54	249	259	05:05	04:08	1.79	2	novembre	2014	02/11/2014	07:47	02/11/2014 07:47	287.68	76	2.6	70	90	0	1022
141	 Sans titre	Course à pied	ven., 31 oct. 2014 6:09	51:34:00	10,54	114	111	04:54	03:44	875.0	31	octobre	2014	31/10/2014	06:09	31/10/2014 06:09	282.66	76	2.1	50	0	NA	1024
142	 Sans titre	Course à pied	jeu., 30 oct. 2014 5:28	53:41:00	10,74	123	124	05:00	04:14	892.0	30	octobre	2014	30/10/2014	05:28	30/10/2014 05:28	282.15	76	1.5	10	0	NA	1021
143	 Sans titre	Course à pied	mar., 28 oct. 2014 5:39	54:38:00	10,7	118	119	05:06	04:22	889.0	28	octobre	2014	28/10/2014	05:39	28/10/2014 05:39	288.21	71	3.6	120	92	1	1020
144	 Sans titre	Course à pied	lun., 27 oct. 2014 5:32	01:05:32	12,8	143	144	05:07	04:28	1.062	27	octobre	2014	27/10/2014	05:32	27/10/2014 05:32	284.15	76	1.5	20	90	NA	1023
145	 Sans titre	Course à pied	dim., 26 oct. 2014 7:37	51:47:00	10,57	121	116	04:54	04:09	882.0	26	octobre	2014	26/10/2014	07:37	26/10/2014 07:37	288.48	62	2.6	350	0	NA	1022
146	 Sans titre	Course à pied	sam., 25 oct. 2014 8:28	50:36:00	10,49	118	117	04:49	02:34	878.0	25	octobre	2014	25/10/2014	08:28	25/10/2014 08:28	289.64	45	3.6	10	0	NA	1018
147	 Sans titre	Course à pied	ven., 24 oct. 2014 5:39	01:03:22	12,86	146	146	04:56	04:22	1.074	24	octobre	2014	24/10/2014	05:39	24/10/2014 05:39	285.66	81	5.1	360	0	NA	1016
148	 Sans titre	Course à pied	jeu., 23 oct. 2014 6:15	53:49:00	10,75	118	116	05:00	04:29	896.0	23	octobre	2014	23/10/2014	06:15	23/10/2014 06:15	284.15	50	9.3	350	0	NA	1020
149	 Sans titre	Course à pied	mer., 22 oct. 2014 5:36	58:34:00	11,75	120	121	04:59	04:05	973.0	22	octobre	2014	22/10/2014	05:36	22/10/2014 05:36	285.17	43	5.7	340	0	NA	1022
150	 Sans titre	Course à pied	mar., 21 oct. 2014 5:46	01:01:11	11,79	130	127	05:11	04:27	977.0	21	octobre	2014	21/10/2014	05:46	21/10/2014 05:46	289.84	84	1.86	298.512	0	NA	1006.8
151	 Sans titre	Course à pied	dim., 19 oct. 2014 8:29	52:14:00	10,33	119	121	05:03	03:56	859.0	19	octobre	2014	19/10/2014	08:29	19/10/2014 08:29	292.17	82	2.1	70	92	1	1025
152	 Sans titre	Course à pied	sam., 18 oct. 2014 7:57	51:05:00	10,67	119	118	04:47	04:12	886.0	18	octobre	2014	18/10/2014	07:57	18/10/2014 07:57	291.15	82	1.5	20	90	NA	1021
153	 Sans titre	Course à pied	ven., 17 oct. 2014 6:02	54:05:00	10,68	113	110	05:04	04:11	883.0	17	octobre	2014	17/10/2014	06:02	17/10/2014 06:02	289.64	77	1	350	56	NA	1015
154	  Sans titre	Course à pied	dim., 14 déc. 2014 9:48	59:32:00	11,42	95	110	05:13	02:28	838.0	14	décembre	2014	14/12/2014	09:48	14/12/2014 09:48	NA	NA	NA	NA	NA	NA	NA
155	 Sans titre	Course à pied	ven., 12 déc. 2014 5:50	01:04:32	12,7	118	120	05:05	03:56	1.051	12	décembre	2014	12/12/2014	05:50	12/12/2014 05:50	NA	NA	NA	NA	NA	NA	NA
156	 Sans titre	Course à pied	jeu., 11 déc. 2014 5:54	01:04:58	12,71	103	104	05:07	03:13	1.055	11	décembre	2014	11/12/2014	05:54	11/12/2014 05:54	NA	NA	NA	NA	NA	NA	NA
157	 Sans titre	Course à pied	mar., 9 déc. 2014 6:05	49:55:00	9,75	82	84	05:07	03:36	808.0	9	décembre	2014	09/12/2014	06:05	09/12/2014 06:05	NA	NA	NA	NA	NA	NA	NA
158	 Sans titre	Course à pied	lun., 8 déc. 2014 5:58	01:00:29	11,75	106	104	05:09	03:56	973.0	8	décembre	2014	08/12/2014	05:58	08/12/2014 05:58	NA	NA	NA	NA	NA	NA	NA
159	 Sans titre	Course à pied	sam., 6 déc. 2014 6:18	01:05:12	12,69	106	109	05:08	03:54	1.053	6	décembre	2014	06/12/2014	06:18	06/12/2014 06:18	NA	NA	NA	NA	NA	NA	NA
160	 Sans titre	Course à pied	ven., 5 déc. 2014 5:59	01:06:35	12,69	114	114	05:15	04:00	1.051	5	décembre	2014	05/12/2014	05:59	05/12/2014 05:59	NA	NA	NA	NA	NA	NA	NA
161	 Sans titre	Course à pied	mer., 3 déc. 2014 5:51	01:03:15	12,38	105	103	05:06	04:34	1.026	3	décembre	2014	03/12/2014	05:51	03/12/2014 05:51	NA	NA	NA	NA	NA	NA	NA
162	 Sans titre	Course à pied	mar., 2 déc. 2014 6:07	01:01:15	12,17	104	108	05:02	04:19	1.01	2	décembre	2014	02/12/2014	06:07	02/12/2014 06:07	NA	NA	NA	NA	NA	NA	NA
163	 Sans titre	Course à pied	lun., 1 déc. 2014 5:57	58:14:00	11,28	99	99	05:10	04:10	938.0	1	décembre	2014	01/12/2014	05:57	01/12/2014 05:57	283.7	93	4.1	40	68	29.5	1000
164	 Sans titre	Course à pied	dim., 30 nov. 2014 7:44	01:01:30	12,51	109	112	04:55	03:32	1.038	30	novembre	2014	30/11/2014	07:44	30/11/2014 07:44	287.03	81	4.1	40	92	1	1005
165	 Sans titre	Course à pied	sam., 29 nov. 2014 6:33	01:04:08	12,71	119	121	05:03	03:46	1.053	29	novembre	2014	29/11/2014	06:33	29/11/2014 06:33	290.17	72	6.2	120	92	60.5	1004
166	 Sans titre	Course à pied	jeu., 27 nov. 2014 6:13	58:56:00	12,07	109	115	04:53	02:35	1.003	27	novembre	2014	27/11/2014	06:13	27/11/2014 06:13	285.16	100	2.1	140	75	49	1007
167	 Sans titre	Course à pied	mar., 25 nov. 2014 6:00	48:11:00	9,68	79	81	04:59	03:58	809.0	25	novembre	2014	25/11/2014	06:00	25/11/2014 06:00	286.64	100	4.1	150	90	11	1018
168	 Sans titre	Course à pied	lun., 24 nov. 2014 6:02	01:04:00	12,58	110	112	05:05	03:31	1.042	24	novembre	2014	24/11/2014	06:02	24/11/2014 06:02	288.17	87	1	360	90	1	1021
169	 Sans titre	Course à pied	sam., 22 nov. 2014 6:59	01:02:57	12,52	141	143	05:02	03:13	1.036	22	novembre	2014	22/11/2014	06:59	22/11/2014 06:59	288.17	82	1.5	100	92	1	1020
170	 Sans titre	Course à pied	ven., 21 nov. 2014 5:59	01:04:35	12,83	135	136	05:02	03:30	1.061	21	novembre	2014	21/11/2014	05:59	21/11/2014 05:59	285.17	87	1.5	80	90	4	1021
171	 Sans titre	Course à pied	mer., 19 nov. 2014 6:00	01:01:54	12,62	136	134	04:54	03:49	1.0490000000000002	19	novembre	2014	19/11/2014	06:00	19/11/2014 06:00	279.15	93	1	360	0	NA	1015
172	 Sans titre	Course à pied	mar., 18 nov. 2014 6:16	59:50:00	11,7	133	133	05:07	02:27	975.0	18	novembre	2014	18/11/2014	06:16	18/11/2014 06:16	279.589	94	2.28	270.511	36	2	978.52
173	 Sans titre	Course à pied	dim., 16 nov. 2014 7:15	01:50:53	22,34	243	241	04:58	03:55	1.857	16	novembre	2014	16/11/2014	07:15	16/11/2014 07:15	281.663	92	1.56	239.503	76	0.5	976.47
174	  Malbosc	Course à pied	mer., 21 janv. 2015 5:51	01:04:11	12,74	115	117	05:02	03:31	928.0	21	janvier	2015	21/01/2015	05:51	21/01/2015 05:51	272.508	96	1.23	316.5	56	NA	976.54
175	 Malbosc	Course à pied	mar., 20 janv. 2015 5:48	01:02:31	12,78	116	117	04:54	03:22	937.0	20	janvier	2015	20/01/2015	05:48	20/01/2015 05:48	273.067	95	1.33	331.001	92	0.5	977.84
176	 Malbosc	Course à pied	lun., 19 janv. 2015 5:49	01:04:08	12,73	115	114	05:02	03:54	930.0	19	janvier	2015	19/01/2015	05:49	19/01/2015 05:49	278.274	99	0.96	200.502	92	9.5	977
177	 Malbosc	Course à pied	ven., 16 janv. 2015 5:54	01:03:27	12,77	111	110	04:58	03:36	934.0	16	janvier	2015	16/01/2015	05:54	16/01/2015 05:54	276.339	89	1.25	131	88	NA	976.35
178	 Malbosc	Course à pied	mer., 14 janv. 2015 5:51	01:02:37	12,78	112	109	04:54	03:37	933.0	14	janvier	2015	14/01/2015	05:51	14/01/2015 05:51	272.659	78	1.33	289	0	NA	991.79
179	 Malbosc	Course à pied	mar., 13 janv. 2015 6:08	01:04:52	12,73	113	110	05:06	03:25	928.0	13	janvier	2015	13/01/2015	06:08	13/01/2015 06:08	270.394	83	1.15	4.5054	20	NA	993.96
180	 Malbosc	Course à pied	lun., 12 janv. 2015 6:09	01:01:57	12,24	107	111	05:04	03:45	897.0	12	janvier	2015	12/01/2015	06:09	12/01/2015 06:09	268.856	79	1.16	322.002	0	NA	1001.94
181	 Malbosc	Course à pied	sam., 10 janv. 2015 8:25	01:00:56	12,77	111	110	04:46	03:56	938.0	10	janvier	2015	10/01/2015	08:25	10/01/2015 08:25	285.181	67	3.36	303.502	0	NA	1001.59
182	 Malbosc	Course à pied	jeu., 8 janv. 2015 5:59	01:03:55	12,81	108	109	04:59	04:08	937.0	8	janvier	2015	08/01/2015	05:59	08/01/2015 05:59	267.199	74	1.01	287.502	0	NA	1002.08
183	 Malbosc	Course à pied	mer., 7 janv. 2015 5:51	01:04:02	12,76	111	113	05:01	03:18	935.0	7	janvier	2015	07/01/2015	05:51	07/01/2015 05:51	NA	NA	NA	NA	NA	NA	NA
184	 Malbosc	Course à pied	lun., 5 janv. 2015 6:06	01:03:38	12,8	--	--	04:58	03:52	935.0	5	janvier	2015	05/01/2015	06:06	05/01/2015 06:06	271.364	81	1.56	325.502	0	NA	1000.27
185	 Malbosc	Course à pied	dim., 4 janv. 2015 8:12	56:29:00	11,29	97	110	05:00	03:35	825.0	4	janvier	2015	04/01/2015	08:12	04/01/2015 08:12	283.986	69	4.31	322.001	0	NA	1001
186	 Malbosc	Course à pied	lun., 29 déc. 2014 8:29	55:04:00	10,89	110	127	05:03	03:32	798.0	29	décembre	2014	29/12/2014	08:29	29/12/2014 08:29	NA	NA	NA	NA	NA	NA	NA
187	 Malbosc	Course à pied	sam., 27 déc. 2014 8:45	39:07:00	6,86	90	134	05:42	03:25	508.0	27	décembre	2014	27/12/2014	08:45	27/12/2014 08:45	NA	NA	NA	NA	NA	NA	NA
188	 Malbosc	Course à pied	ven., 26 déc. 2014 9:16	01:35:00	16,46	265	305	05:46	03:49	1.212	26	décembre	2014	26/12/2014	09:16	26/12/2014 09:16	NA	NA	NA	NA	NA	NA	NA
189	 Malbosc	Course à pied	dim., 21 déc. 2014 9:26	01:03:22	12,63	101	102	05:01	03:34	924.0	21	décembre	2014	21/12/2014	09:26	21/12/2014 09:26	NA	NA	NA	NA	NA	NA	NA
190	 Malbosc	Course à pied	sam., 20 déc. 2014 7:51	01:05:02	12,75	112	111	05:06	03:55	933.0	20	décembre	2014	20/12/2014	07:51	20/12/2014 07:51	NA	NA	NA	NA	NA	NA	NA
191	 Malbosc	Course à pied	jeu., 18 déc. 2014 6:01	01:02:35	12,16	111	116	05:09	03:35	884.0	18	décembre	2014	18/12/2014	06:01	18/12/2014 06:01	NA	NA	NA	NA	NA	NA	NA
192	 Malbosc	Course à pied	mer., 17 déc. 2014 5:51	01:05:53	12,83	104	104	05:08	02:56	936.0	17	décembre	2014	17/12/2014	05:51	17/12/2014 05:51	NA	NA	NA	NA	NA	NA	NA
193	 Sans titre	Course à pied	lun., 15 déc. 2014 5:53	01:07:27	12,72	109	109	05:18	03:43	929.0	15	décembre	2014	15/12/2014	05:53	15/12/2014 05:53	NA	NA	NA	NA	NA	NA	NA
194	  Malbosc	Course à pied	sam., 28 févr. 2015 6:52	01:03:00	12,73	115	112	04:57	03:24	956.0	28	février	2015	28/02/2015	06:52	28/02/2015 06:52	278.629	49	2.23	331.003	0	NA	989.49
195	 Malbosc	Course à pied	jeu., 26 févr. 2015 5:47	01:06:47	12,72	110	110	05:15	03:37	957.0	26	février	2015	26/02/2015	05:47	26/02/2015 05:47	281.009	65	3.57	333.504	0	NA	988.45
196	 Malbosc	Course à pied	mer., 25 févr. 2015 5:54	01:05:24	12,75	113	112	05:08	03:11	954.0	25	février	2015	25/02/2015	05:54	25/02/2015 05:54	278.251	43	5.21	343.503	0	NA	987.38
197	 Malbosc	Course à pied	lun., 23 févr. 2015 5:55	01:06:29	12,75	115	115	05:13	03:23	955.0	23	février	2015	23/02/2015	05:55	23/02/2015 05:55	277.549	88	1.97	295.502	64	NA	977.73
198	 Malbosc	Course à pied	sam., 21 févr. 2015 6:43	01:04:08	12,74	114	115	05:02	03:47	962.0	21	février	2015	21/02/2015	06:43	21/02/2015 06:43	278.074	97	1.51	280.001	92	3	974.74
199	 Malbosc	Course à pied	ven., 20 févr. 2015 5:57	01:06:10	12,77	111	110	05:11	03:35	931.0	20	février	2015	20/02/2015	05:57	20/02/2015 05:57	268.401	74	0.86	33.0032	68	NA	994.89
200	 Malbosc	Course à pied	mer., 18 févr. 2015 5:58	01:05:15	11,84	109	106	05:31	03:01	864.0	18	février	2015	18/02/2015	05:58	18/02/2015 05:58	270.382	84	2.12	330.005	0	NA	1001.76
201	 Malbosc	Course à pied	mar., 17 févr. 2015 5:49	01:06:07	12,67	112	111	05:13	03:33	925.0	17	février	2015	17/02/2015	05:49	17/02/2015 05:49	274.701	93	1.31	324.502	92	NA	991.72
202	 Malbosc	Course à pied	sam., 14 févr. 2015 6:32	59:32:00	11,27	97	98	05:17	04:15	826.0	14	février	2015	14/02/2015	06:32	14/02/2015 06:32	273.592	87	0.76	252.002	12	NA	983.64
203	 Malbosc	Course à pied	ven., 13 févr. 2015 6:58	01:21:33	15,75	138	137	05:11	03:38	1.1540000000000001	13	février	2015	13/02/2015	06:58	13/02/2015 06:58	279.174	99	1.35	57.0055	92	NA	990.22
204	 Malbosc	Course à pied	mer., 11 févr. 2015 5:49	01:07:13	12,74	112	110	05:17	03:42	927.0	11	février	2015	11/02/2015	05:49	11/02/2015 05:49	266.178	75	1.24	8.50076	0	NA	995.17
205	 Malbosc	Course à pied	mar., 10 févr. 2015 5:56	01:06:13	12,75	110	111	05:12	03:45	930.0	10	février	2015	10/02/2015	05:56	10/02/2015 05:56	266.688	72	0.63	262.007	0	NA	993.91
206	 Malbosc	Course à pied	lun., 9 févr. 2015 5:53	01:06:10	12,7	--	--	05:13	03:41	927.0	9	février	2015	09/02/2015	05:53	09/02/2015 05:53	267.494	64	0.38	207.501	0	NA	995.33
207	 Malbosc	Course à pied	ven., 6 févr. 2015 5:51	01:03:58	12,72	111	112	05:02	03:55	931.0	6	février	2015	06/02/2015	05:51	06/02/2015 05:51	264.631	78	1.08	312.002	8	NA	974.94
208	 Malbosc	Course à pied	jeu., 5 févr. 2015 5:48	01:03:01	12,74	113	114	04:57	03:27	929.0	5	février	2015	05/02/2015	05:48	05/02/2015 05:48	273.603	52	3.81	352.5	24	NA	971.45
209	 Malbosc	Course à pied	mer., 4 févr. 2015 6:00	01:04:48	12,73	107	108	05:05	03:42	930.0	4	février	2015	04/02/2015	06:00	04/02/2015 06:00	266.634	74	1.21	297.01	36	NA	969.52
210	 Malbosc	Course à pied	mar., 3 févr. 2015 6:01	01:04:21	12,7	107	108	05:04	03:37	931.0	3	février	2015	03/02/2015	06:01	03/02/2015 06:01	272.676	71	2.2	29.0006	92	NA	967.07
211	 Malbosc	Course à pied	lun., 2 févr. 2015 5:48	01:04:42	12,67	111	110	05:06	03:07	923.0	2	février	2015	02/02/2015	05:48	02/02/2015 05:48	274.066	57	3.36	315.004	0	NA	976.22
212	 Malbosc	Course à pied	sam., 24 janv. 2015 7:49	49:33:00	9,79	87	86	05:04	03:39	714.0	24	janvier	2015	24/01/2015	07:49	24/01/2015 07:49	277.435	38	4.31	331.503	36	NA	989.87
213	 Malbosc	Course à pied	jeu., 22 janv. 2015 5:54	01:06:54	12,76	111	112	05:15	04:04	932.0	22	janvier	2015	22/01/2015	05:54	22/01/2015 05:54	272.967	96	1.12	359.507	88	NA	977.8
214	 Juvignac Course à pied	Course à pied	lun., 30 mars 2015 5:50	01:03:40	12,9	--	--	04:56	03:09	967.0	30	mars	2015	30/03/2015	05:50	30/03/2015 05:50	286.079	59	7.16	300.501	0	NA	986.23
215	 Juvignac Course à pied	Course à pied	ven., 27 mars 2015 5:49	59:48:00	12,12	108	107	04:56	03:41	915.0	27	mars	2015	27/03/2015	05:49	27/03/2015 05:49	280.765	54	4.31	326.506	0	NA	987.62
216	 Juvignac Course à pied	Course à pied	jeu., 26 mars 2015 5:57	59:14:00	12,17	114	114	04:52	03:48	915.0	26	mars	2015	26/03/2015	05:57	26/03/2015 05:57	277.26	65	4.36	327.003	0	NA	979.93
217	 Juvignac Course à pied	Course à pied	mer., 25 mars 2015 6:14	39:43:00	7,69	68	63	05:10	04:11	579.0	25	mars	2015	25/03/2015	06:14	25/03/2015 06:14	277.608	98	4.36	328.502	92	2.25	973.79
218	 Juvignac Course à pied	Course à pied	mer., 25 mars 2015 5:50	22:14	4,83	39	37	04:36	03:52	365.0	25	mars	2015	25/03/2015	05:50	25/03/2015 05:50	284.208	100	3.61	44.002	92	2.91	1001.76
219	 Juvignac Course à pied	Course à pied	mar., 24 mars 2015 5:44	01:03:10	12,75	112	111	04:57	04:10	964.0	24	mars	2015	24/03/2015	05:44	24/03/2015 05:44	280.393	95	1.61	62.5087	92	0.5325	979.22
220	 Sans titre	Course à pied	lun., 23 mars 2015 5:51	01:03:29	12,75	--	--	04:59	03:30	957.0	23	mars	2015	23/03/2015	05:51	23/03/2015 05:51	280.169	92	1.02	40.0037	92	NA	985.9
221	 Juvignac Course à pied	Course à pied	ven., 20 mars 2015 5:46	01:02:00	12,69	109	111	04:53	03:47	959.0	20	mars	2015	20/03/2015	05:46	20/03/2015 05:46	283.17	81	3.1	30	92	1.995	1019
222	 Juvignac Course à pied	Course à pied	jeu., 19 mars 2015 5:50	01:01:56	12,74	115	116	04:52	03:27	961.0	19	mars	2015	19/03/2015	05:50	19/03/2015 05:50	275.135	83	0.77	288.001	24	NA	991.22
223	 Juvignac Course à pied	Course à pied	mer., 18 mars 2015 5:39	01:02:11	12,72	106	108	04:53	03:37	956.0	18	mars	2015	18/03/2015	05:39	18/03/2015 05:39	281.191	95	1.46	76.501	92	0.38	992.97
224	 Juvignac Course à pied	Course à pied	mar., 17 mars 2015 5:54	01:03:31	12,7	108	107	05:00	03:46	959.0	17	mars	2015	17/03/2015	05:54	17/03/2015 05:54	277.482	97	1.01	328	80	0.175	989.64
225	 Sans titre	Course à pied	lun., 16 mars 2015 5:49	01:04:06	12,69	--	--	05:03	04:03	957.0	16	mars	2015	16/03/2015	05:49	16/03/2015 05:49	280.012	98	3.91	97.0007	92	0.65	985.92
226	 Juvignac Course à pied	Course à pied	ven., 13 mars 2015 5:51	01:03:51	12,72	104	103	05:01	04:09	962.0	13	mars	2015	13/03/2015	05:51	13/03/2015 05:51	281.629	100	0.77	280.501	56	NA	1022.24
227	 Juvignac Course à pied	Course à pied	mer., 11 mars 2015 6:08	57:12:00	11,51	102	101	04:58	03:58	869.0	11	mars	2015	11/03/2015	06:08	11/03/2015 06:08	276.457	86	1.05	347.001	24	NA	993.61
228	 Juvignac Course à pied	Course à pied	mar., 10 mars 2015 5:50	01:02:23	12,77	114	115	04:53	03:57	966.0	10	mars	2015	10/03/2015	05:50	10/03/2015 05:50	278.1	93	1.5	0	90	NA	1025
229	 Juvignac Course à pied	Course à pied	lun., 9 mars 2015 5:55	01:05:47	12,8	113	115	05:08	03:45	964.0	9	mars	2015	09/03/2015	05:55	09/03/2015 05:55	279.64	93	1.5	350	90	NA	1024
230	 Malbosc	Course à pied	ven., 6 mars 2015 5:51	01:01:35	12,79	117	118	04:49	03:31	965.0	6	mars	2015	06/03/2015	05:51	06/03/2015 05:51	277.7	57	1	135	0	NA	1019.9
231	 Juvignac Course à pied	Course à pied	jeu., 5 mars 2015 5:53	01:03:58	12,79	116	113	05:00	03:32	964.0	5	mars	2015	05/03/2015	05:53	05/03/2015 05:53	280.15	39	17	360	0	NA	1022
232	 Malbosc	Course à pied	mar., 3 mars 2015 5:54	01:02:23	12,76	110	109	04:53	03:45	965.0	3	mars	2015	03/03/2015	05:54	03/03/2015 05:54	281.546	60	1.67	310.5	92	NA	992.5
233	 Malbosc	Course à pied	lun., 2 mars 2015 6:02	01:03:37	12,75	114	113	04:59	03:42	961.0	2	mars	2015	02/03/2015	06:02	02/03/2015 06:02	285.073	79	3.97	287.002	0	NA	986.73
234	  Juvignac Course à pied	Course à pied	mar., 5 mai 2015 5:49	01:02:25	12,24	112	109	05:06	03:39	921.0	5	mai	2015	05/05/2015	05:49	05/05/2015 05:49	289.578	72	0.76	139	64	NA	979.84
235	 Juvignac Course à pied	Course à pied	lun., 4 mai 2015 6:00	01:02:42	12,25	113	113	05:07	03:29	919.0	4	mai	2015	04/05/2015	06:00	04/05/2015 06:00	287.722	89	0.77	96.0002	88	NA	983.57
236	 Juvignac Course à pied	Course à pied	ven., 1 mai 2015 5:50	01:02:45	12,19	108	109	05:09	03:47	919.0	1	mai	2015	01/05/2015	05:50	01/05/2015 05:50	287.54	96	4.67	163	24	NA	1015.19
237	 Juvignac Course à pied	Course à pied	jeu., 30 avr. 2015 5:49	01:01:16	12,09	114	111	05:04	03:34	908.0	30	avril	2015	30/04/2015	05:49	30/04/2015 05:49	280.199	75	0.96	282.001	20	NA	989.56
238	 Juvignac Course à pied	Course à pied	mer., 29 avr. 2015 5:51	59:54:00	12,14	106	104	04:56	04:06	915.0	29	avril	2015	29/04/2015	05:51	29/04/2015 05:51	277.03	72	1.22	315.502	68	NA	987.29
239	 Juvignac Course à pied	Course à pied	mar., 28 avr. 2015 5:53	59:42:00	12,17	109	107	04:54	03:00	918.0	28	avril	2015	28/04/2015	05:53	28/04/2015 05:53	279.942	76	4.72	325.504	0	NA	984.75
240	 Juvignac Course à pied	Course à pied	lun., 27 avr. 2015 5:51	01:02:08	12,13	108	106	05:07	03:42	910.0	27	avril	2015	27/04/2015	05:51	27/04/2015 05:51	285.414	100	0.76	265.002	80	4.4075	969.47
241	 Juvignac Course à pied	Course à pied	ven., 24 avr. 2015 5:52	56:29:00	11,26	104	101	05:01	03:44	849.0	24	avril	2015	24/04/2015	05:52	24/04/2015 05:52	285.31	75	1.31	298.001	0	NA	985.27
242	 Juvignac Course à pied	Course à pied	jeu., 23 avr. 2015 5:57	01:00:46	12,17	114	111	04:59	03:51	921.0	23	avril	2015	23/04/2015	05:57	23/04/2015 05:57	282.631	74	1.02	271.001	80	NA	988.88
243	 Juvignac Course à pied	Course à pied	mar., 21 avr. 2015 5:48	56:15:00	11,25	96	98	05:00	02:48	846.0	21	avril	2015	21/04/2015	05:48	21/04/2015 05:48	277.649	75	1.76	331.004	0	NA	995.07
244	 Juvignac Course à pied	Course à pied	lun., 20 avr. 2015 5:54	01:00:46	12,13	109	109	05:00	03:28	911.0	20	avril	2015	20/04/2015	05:54	20/04/2015 05:54	282.07	97	1.13	324.001	92	0.455	991.81
245	 Juvignac Course à pied	Course à pied	ven., 17 avr. 2015 5:53	58:15:00	11,21	93	95	05:12	03:34	844.0	17	avril	2015	17/04/2015	05:53	17/04/2015 05:53	283.512	91	2.26	297	0	NA	984.45
246	 Juvignac Course à pied	Course à pied	ven., 10 avr. 2015 5:53	01:01:53	12,15	114	112	05:06	03:57	917.0	10	avril	2015	10/04/2015	05:53	10/04/2015 05:53	274.449	85	1.7	50.5049	44	NA	997.33
247	 Juvignac Course à pied	Course à pied	jeu., 9 avr. 2015 5:50	59:54:00	12,18	118	116	04:55	03:38	916.0	9	avril	2015	09/04/2015	05:50	09/04/2015 05:50	270.683	72	1.01	39.5004	0	NA	999.49
248	 Juvignac Course à pied	Course à pied	mer., 8 avr. 2015 5:51	59:09:00	12,18	113	110	04:51	03:47	921.0	8	avril	2015	08/04/2015	05:51	08/04/2015 05:51	271.64	76	1.21	357.002	0	NA	1001.93
249	 Juvignac Course à pied	Course à pied	mar., 7 avr. 2015 5:54	01:00:14	12,2	107	105	04:56	03:35	920.0	7	avril	2015	07/04/2015	05:54	07/04/2015 05:54	276.28	36	2.86	31.0004	0	NA	996.57
250	 Juvignac Course à pied	Course à pied	ven., 3 avr. 2015 5:53	54:31:00	11,14	96	93	04:54	04:11	843.0	3	avril	2015	03/04/2015	05:53	03/04/2015 05:53	279.465	79	1.59	300.505	0	NA	990.04
251	 Juvignac Course à pied	Course à pied	jeu., 2 avr. 2015 5:49	58:16:00	12,24	107	106	04:46	03:48	924.0	2	avril	2015	02/04/2015	05:49	02/04/2015 05:49	280.247	60	3.66	321.001	0	NA	995.01
252	 Juvignac Course à pied	Course à pied	mer., 1 avr. 2015 5:48	59:48:00	12,21	111	112	04:54	04:05	925.0	1	avril	2015	01/04/2015	05:48	01/04/2015 05:48	281.242	55	4.46	318.505	20	NA	996.18
253	 Juvignac Course à pied	Course à pied	mar., 31 mars 2015 5:49	01:03:43	12,79	116	117	04:59	03:24	960.0	31	mars	2015	31/03/2015	05:49	31/03/2015 05:49	286.819	70	5.42	298.005	0	NA	990.23
254	  Juvignac Course à pied	Course à pied	lun., 15 juin 2015 5:45	01:00:54	12,12	108	110	05:01	02:50	913.0	15	juin	2015	15/06/2015	05:45	15/06/2015 05:45	288.156	82	1.24	310.503	20	NA	985.86
255	 Juvignac Course à pied	Course à pied	ven., 12 juin 2015 5:44	01:01:13	12,14	108	106	05:02	02:35	916.0	12	juin	2015	12/06/2015	05:44	12/06/2015 05:44	290.493	99	4.5	124.503	92	13.55	980.08
256	 Juvignac Course à pied	Course à pied	mar., 9 juin 2015 5:53	59:33:00	12,16	110	108	04:54	03:48	915.0	9	juin	2015	09/06/2015	05:53	09/06/2015 05:53	294.13	64	6.2	10	0	0	1014
257	 Juvignac Course à pied	Course à pied	dim., 7 juin 2015 6:58	01:02:13	12,27	112	111	05:04	04:18	925.0	7	juin	2015	07/06/2015	06:58	07/06/2015 06:58	299.712	50	1.17	102.002	88	0.27	993.01
258	 Juvignac Course à pied	Course à pied	ven., 5 juin 2015 5:53	01:00:06	12,2	112	109	04:56	03:32	919.0	5	juin	2015	05/06/2015	05:53	05/06/2015 05:53	290.209	78	0.98	35.5034	0	NA	991.78
259	 Juvignac Course à pied	Course à pied	mer., 3 juin 2015 5:49	59:54:00	12,19	115	112	04:55	03:31	917.0	3	juin	2015	03/06/2015	05:49	03/06/2015 05:49	292.13	77	0.5	0	0	NA	1022
260	 Juvignac Course à pied	Course à pied	lun., 1 juin 2015 5:52	55:08:00	11,1	100	102	04:58	03:33	835.0	1	juin	2015	01/06/2015	05:52	01/06/2015 05:52	NA	NA	NA	NA	NA	NA	NA
261	 Palasca Course à pied	Course à pied	jeu., 28 mai 2015 6:08	50:55:00	8,44	186	184	06:02	03:40	634.0	28	mai	2015	28/05/2015	06:08	28/05/2015 06:08	285.362	65	1.02	310.5	0	NA	989.83
262	 Belgodère Course à pied	Course à pied	mar., 26 mai 2015 6:06	49:23:00	9,28	174	176	05:19	03:23	702.0	26	mai	2015	26/05/2015	06:06	26/05/2015 06:06	289.412	53	4.36	322	8	NA	985.27
263	 Juvignac Course à pied	Course à pied	ven., 22 mai 2015 5:45	01:02:45	12,18	114	110	05:09	04:18	916.0	22	mai	2015	22/05/2015	05:45	22/05/2015 05:45	286.12	41	3.11	343.502	0	NA	992.86
264	 Juvignac Course à pied	Course à pied	jeu., 21 mai 2015 5:48	01:01:47	12,28	114	112	05:02	03:37	927.0	21	mai	2015	21/05/2015	05:48	21/05/2015 05:48	283.407	44	4.43	334.503	0	NA	991.34
265	 Juvignac Course à pied	Course à pied	mer., 20 mai 2015 5:51	01:01:15	12,21	109	108	05:01	03:18	915.0	20	mai	2015	20/05/2015	05:51	20/05/2015 05:51	284.345	64	3.32	321.001	44	NA	986.3
266	 Juvignac Course à pied	Course à pied	mar., 19 mai 2015 5:51	01:02:06	12,17	113	110	05:06	04:24	919.0	19	mai	2015	19/05/2015	05:51	19/05/2015 05:51	288.004	45	3.71	319.003	80	NA	981.79
267	 Juvignac Course à pied	Course à pied	dim., 17 mai 2015 6:28	01:43:23	20,18	183	183	05:07	03:59	1.52	17	mai	2015	17/05/2015	06:28	17/05/2015 06:28	290.302	50	3.66	335.005	0	NA	992.74
268	 Juvignac Course à pied	Course à pied	jeu., 14 mai 2015 5:57	01:03:41	12,2	107	108	05:13	03:36	921.0	14	mai	2015	14/05/2015	05:57	14/05/2015 05:57	292.562	57	0.96	125.501	56	NA	984.15
269	 Juvignac Course à pied	Course à pied	mer., 13 mai 2015 5:46	01:02:06	12,21	108	106	05:05	03:30	916.0	13	mai	2015	13/05/2015	05:46	13/05/2015 05:46	285.249	85	1.06	31	12	NA	993.29
270	 Juvignac Course à pied	Course à pied	mar., 12 mai 2015 5:53	01:00:55	12,26	110	107	04:58	03:49	924.0	12	mai	2015	12/05/2015	05:53	12/05/2015 05:53	284.4	79	0.96	29.5034	0	NA	994.13
271	 Juvignac Course à pied	Course à pied	lun., 11 mai 2015 5:49	01:00:54	12,16	103	104	05:00	03:33	906.0	11	mai	2015	11/05/2015	05:49	11/05/2015 05:49	283.247	81	0.97	33.0006	0	NA	995.16
272	 Juvignac Course à pied	Course à pied	jeu., 7 mai 2015 5:50	01:01:24	12,2	115	116	05:02	03:38	919.0	7	mai	2015	07/05/2015	05:50	07/05/2015 05:50	281.827	76	1.16	324.003	8	NA	990.01
273	 Juvignac Course à pied	Course à pied	mer., 6 mai 2015 5:47	01:00:42	12,21	110	107	04:58	04:14	922.0	6	mai	2015	06/05/2015	05:47	06/05/2015 05:47	284.217	74	1.21	297.502	0	NA	985.95
274	  Juvignac Course à pied	Course à pied	ven., 31 juil. 2015 7:00	58:18:00	11,25	100	96	05:11	02:39	844.0	31	juillet	2015	31/07/2015	07:00	31/07/2015 07:00	294.13	33	5.7	360	0	0	1012
275	 Juvignac Course à pied	Course à pied	jeu., 30 juil. 2015 6:37	59:46:00	11,26	99	99	05:18	03:40	845.0	30	juillet	2015	30/07/2015	06:37	30/07/2015 06:37	293.49	45	5.1	360	0	NA	1014
276	 Juvignac Course à pied	Course à pied	mar., 28 juil. 2015 6:59	58:48:00	11,26	103	100	05:13	03:31	844.0	28	juillet	2015	28/07/2015	06:59	28/07/2015 06:59	296.15	40	3.1	320	0	NA	1013
277	 Juvignac Course à pied	Course à pied	lun., 27 juil. 2015 6:51	58:33:00	11,24	96	94	05:13	03:59	842.0	27	juillet	2015	27/07/2015	06:51	27/07/2015 06:51	298.49	50	4.6	330	0	NA	1012
278	 Juvignac Course à pied	Course à pied	dim., 26 juil. 2015 6:47	57:11:00	11,44	111	106	05:00	03:34	858.0	26	juillet	2015	26/07/2015	06:47	26/07/2015 06:47	295.16	37	5.7	350	0	NA	1013
279	 Juvignac Course à pied	Course à pied	mer., 22 juil. 2015 5:46	57:21:00	11,28	95	97	05:05	03:33	851.0	22	juillet	2015	22/07/2015	05:46	22/07/2015 05:46	298.15	78	1.5	120	0	NA	1014
280	 Juvignac Course à pied	Course à pied	lun., 20 juil. 2015 5:50	57:34:00	11,26	96	94	05:07	03:39	839.0	20	juillet	2015	20/07/2015	05:50	20/07/2015 05:50	299.13	47	3.1	350	0	0	1014
281	 Juvignac Course à pied	Course à pied	ven., 17 juil. 2015 5:47	57:06:00	11,23	96	98	05:05	02:44	842.0	17	juillet	2015	17/07/2015	05:47	17/07/2015 05:47	293.66	94	1.5	280	20	NA	1018
282	 Juvignac Course à pied	Course à pied	jeu., 16 juil. 2015 5:48	56:40:00	11,19	100	102	05:04	03:50	846.0	16	juillet	2015	16/07/2015	05:48	16/07/2015 05:48	296.82	78	1.06	58.0041	0	NA	1017
283	 Juvignac Course à pied	Course à pied	mar., 14 juil. 2015 5:49	01:00:26	11,21	95	93	05:23	03:09	838.0	14	juillet	2015	14/07/2015	05:49	14/07/2015 05:49	297.83	50	5.7	350	0	NA	1017
284	 Juvignac Course à pied	Course à pied	dim., 12 juil. 2015 6:40	59:15:00	11,28	93	91	05:15	03:47	846.0	12	juillet	2015	12/07/2015	06:40	12/07/2015 06:40	299.49	39	6.2	350	0	NA	1017
285	 Juvignac Course à pied	Course à pied	ven., 10 juil. 2015 5:45	57:20:00	11,26	95	96	05:05	03:41	847.0	10	juillet	2015	10/07/2015	05:45	10/07/2015 05:45	294.49	40	6.2	20	0	NA	1016
286	 Juvignac Course à pied	Course à pied	mer., 8 juil. 2015 5:47	58:25:00	11,25	95	93	05:12	02:43	843.0	8	juillet	2015	08/07/2015	05:47	08/07/2015 05:47	297.66	60	3.6	330	0	0.01	1014
287	 Juvignac Course à pied	Course à pied	mar., 7 juil. 2015 5:47	01:00:12	11,15	95	94	05:24	03:40	834.0	7	juillet	2015	07/07/2015	05:47	07/07/2015 05:47	297.15	83	2.1	60	0	NA	1016
288	 Juvignac Course à pied	Course à pied	lun., 6 juil. 2015 5:41	01:00:33	11,24	95	97	05:23	03:39	841.0	6	juillet	2015	06/07/2015	05:41	06/07/2015 05:41	298.15	69	2.1	320	0	NA	1019
289	 Juvignac Course à pied	Course à pied	jeu., 2 juil. 2015 5:58	01:03:41	12,17	113	110	05:14	03:47	917.0	2	juillet	2015	02/07/2015	05:58	02/07/2015 05:58	296.15	78	1	0	0	NA	1022
290	 Juvignac Course à pied	Course à pied	mar., 30 juin 2015 5:48	01:01:51	12,12	112	109	05:06	04:04	913.0	30	juin	2015	30/06/2015	05:48	30/06/2015 05:48	296.66	73	1.5	130	0	NA	1019
291	 Juvignac Course à pied	Course à pied	lun., 29 juin 2015 5:39	01:01:41	12,15	107	105	05:05	04:02	918.0	29	juin	2015	29/06/2015	05:39	29/06/2015 05:39	296.64	50	2.1	340	0	NA	1019
292	 Juvignac Course à pied	Course à pied	ven., 19 juin 2015 5:43	56:53:00	11,27	103	103	05:03	03:59	847.0	19	juin	2015	19/06/2015	05:43	19/06/2015 05:43	294.116	62	3.31	319.002	12	NA	987.81
293	 Juvignac Course à pied	Course à pied	mar., 16 juin 2015 5:45	56:46:00	11,2	93	95	05:04	02:22	836.0	16	juin	2015	16/06/2015	05:45	16/06/2015 05:45	292.64	68	2.6	340	0	0	1016
294	  Juvignac Course à pied	Course à pied	lun., 7 sept. 2015 5:51	58:21:00	11,24	98	100	05:11	03:15	842.0	7	septembre	2015	07/09/2015	05:51	07/09/2015 05:51	286.49	47	6.7	10	0	NA	1020
295	 Juvignac Course à pied	Course à pied	ven., 4 sept. 2015 5:48	59:57:00	11,28	94	91	05:19	04:09	846.0	4	septembre	2015	04/09/2015	05:48	04/09/2015 05:48	289.64	67	2.6	310	0	0.005	1015
296	 Juvignac Course à pied	Course à pied	jeu., 3 sept. 2015 5:59	58:50:00	11,25	96	98	05:14	03:55	844.0	3	septembre	2015	03/09/2015	05:59	03/09/2015 05:59	290.15	72	2.1	360	92	1.13	1014
297	 Juvignac Course à pied	Course à pied	mer., 2 sept. 2015 5:49	59:09:00	11,23	100	101	05:16	03:37	841.0	2	septembre	2015	02/09/2015	05:49	02/09/2015 05:49	290.82	72	2.6	320	0	NA	1015
298	 Juvignac Course à pied	Course à pied	mar., 1 sept. 2015 5:44	58:31:00	11,27	102	102	05:12	03:35	838.0	1	septembre	2015	01/09/2015	05:44	01/09/2015 05:44	292.17	100	1.5	280	40	NA	1015
299	 Juvignac Course à pied	Course à pied	ven., 28 août 2015 5:47	59:52:00	11,2	100	101	05:21	02:49	842.0	28	août	2015	28/08/2015	05:47	28/08/2015 05:47	293.68	88	0.97	34.0002	0	0.005	1019
300	 Juvignac Course à pied	Course à pied	jeu., 27 août 2015 5:52	56:57:00	11,2	94	96	05:05	03:33	845.0	27	août	2015	27/08/2015	05:52	27/08/2015 05:52	291.68	100	1	0	90	0.005	1017
301	 Juvignac Course à pied	Course à pied	mer., 26 août 2015 5:53	55:58:00	11,19	92	94	05:00	04:18	844.0	26	août	2015	26/08/2015	05:53	26/08/2015 05:53	290.15	67	1.5	50	0	NA	1018
302	 Juvignac Course à pied	Course à pied	mar., 25 août 2015 5:55	57:58:00	11,22	103	105	05:10	03:45	843.0	25	août	2015	25/08/2015	05:55	25/08/2015 05:55	289.15	72	1.5	300	0	NA	1018
303	 Juvignac Course à pied	Course à pied	lun., 24 août 2015 5:50	58:58:00	11,19	91	93	05:16	03:54	844.0	24	août	2015	24/08/2015	05:50	24/08/2015 05:50	293.64	88	1.5	150	92	0.305	1006
304	 Juvignac Course à pied	Course à pied	sam., 22 août 2015 6:44	57:23:00	11,26	99	100	05:06	03:52	847.0	22	août	2015	22/08/2015	06:44	22/08/2015 06:44	295.5	56	1.5	20	0	NA	1018
305	 Juvignac Course à pied	Course à pied	jeu., 20 août 2015 6:05	58:35:00	11,22	100	97	05:13	04:20	842.0	20	août	2015	20/08/2015	06:05	20/08/2015 06:05	NA	NA	NA	NA	NA	NA	NA
306	 Juvignac Course à pied	Course à pied	mer., 19 août 2015 5:53	57:00:00	11,2	94	96	05:05	03:49	845.0	19	août	2015	19/08/2015	05:53	19/08/2015 05:53	290.83	67	4.6	340	0	NA	1016
307	 Juvignac Course à pied	Course à pied	lun., 17 août 2015 5:50	57:09:00	11,25	99	96	05:05	04:05	848.0	17	août	2015	17/08/2015	05:50	17/08/2015 05:50	NA	NA	NA	NA	NA	NA	NA
308	 Juvignac Course à pied	Course à pied	ven., 14 août 2015 7:03	58:09:00	11,23	99	96	05:11	04:23	843.0	14	août	2015	14/08/2015	07:03	14/08/2015 07:03	NA	NA	NA	NA	NA	NA	NA
309	 Juvignac Course à pied	Course à pied	mer., 12 août 2015 7:05	58:51:00	11,22	104	103	05:15	03:42	842.0	12	août	2015	12/08/2015	07:05	12/08/2015 07:05	297.13	57	1.5	0	0	NA	1017
310	 Juvignac Course à pied	Course à pied	mar., 11 août 2015 7:05	57:03:00	11,15	97	99	05:07	03:32	838.0	11	août	2015	11/08/2015	07:05	11/08/2015 07:05	296.15	69	4.1	20	0	NA	1014
311	 Les Cars Course à pied	Course à pied	ven., 7 août 2015 7:27	52:10:00	9,42	171	174	05:32	02:50	715.0	7	août	2015	07/08/2015	07:27	07/08/2015 07:27	298.15	65	1.5	350	0	NA	1015
312	 Les Cars Course à pied	Course à pied	mer., 5 août 2015 6:54	41:20:00	7,81	118	154	05:18	03:33	596.0	5	août	2015	05/08/2015	06:54	05/08/2015 06:54	298.64	54	3.6	20	0	0	1015
313	 Les Cars Course à pied	Course à pied	mar., 4 août 2015 7:00	52:18:00	9,49	177	180	05:31	03:48	727.0	4	août	2015	04/08/2015	07:00	04/08/2015 07:00	295.13	88	2.6	300	8	0	1015
